code,name
A01A,口腔疾病药物
A02A,治酸药
A02B,消化道溃疡和胃食管返流病治疗药物
A02X,治疗与胃酸分泌相关疾病的其它药物
A03A,治疗功能性胃肠疾病的药物
A03B,颠茄与其衍生物
A03C,复方中有安定药的解痉药
A03D,复方中有镇痛药的其它解痉药
A03E,复方中有其它药物的解痉药和抗胆碱能药
A03F,胃肠动力药
A04A,镇吐药和止呕药
A05A,胆病治疗药
A05B,肝病治疗药，抗脂肪肝药
A05C,胆病治疗药和抗脂肪肝药的复方
A06A,轻泻药
A07A,肠道抗感染药
A07B,肠道吸附药
A07C,配有碳水化合物的电解质
A07D,抗胃肠动力药
A07E,肠道抗炎药
A07F,止泻的微生物
A07X,其它止泻药
A08A,减肥药，食品除外
A09A,消化药，含酶
A10A,胰岛素与其同系物
A10B,非胰岛素类降血糖药
A10X,糖尿病用其它药
A11A,多种维生素，复方
A11B,多种维生素，单方
A11C,维生素A和维生素D，含两者的复方
A11D,维生素B1单方与其与维生素B6和B12的复方
A11E,复合维生素B，含复方
A11G,抗坏血酸（维生素C），含其复方
A11H,其它单方维生素制剂
A11J,其它维生素药品，复方
A12A,钙
A12B,钾
A12C,其它矿物质补充剂
A13A,滋补药
A14A,同化甾体激素类
A14B,其它同化剂
A16A,其它消化道和代谢药物
B01A,抗血栓形成药
B02A,抗纤维蛋白溶酶药
B02B,维生素K和其它止血药
B03A,铁制剂
B03B,维生素B12和叶酸
B03X,其它抗贫血药
B05A,血液与相关药品
B05B,静脉注射液
B05C,灌注液
B05D,腹膜透析
B05X,静脉注射液添加药物
B05Z,血液透析和血液过滤
B06A,其它血液系统用药
C01A,强心苷类
C01B,抗心律失常药，Ⅰ类和Ⅲ类
C01C,非强心苷类心脏刺激药
C01D,治疗心脏病用血管舒张药
C01E,其它治疗心脏病药
C02A,起中心作用的抗肾上腺素能药
C02B,起神经节阻滞作用的抗肾上腺素能药
C02C,外周作用的抗肾上腺素能药
C02D,作用于小动脉平滑肌的药物
C02K,其他抗高血压药
C02L,抗高血压药和利尿剂的复方
C02N,抗高血压药的复方
C03A,低限量利尿剂，噻嗪类
C03B,非噻嗪类低限量利尿剂
C03C,高限量利尿剂
C03D,醛固酮拮抗剂和其他保钾剂
C03E,利尿剂和保钾药的复方
C03X,其它利尿剂
C04A,外周血管扩张剂
C05A,治疗痔疮和肛裂的外用药
C05B,抗静脉曲张药
C05C,毛细血管稳定药
C07A,β-受体阻断药
C07B,β-受体阻断药和噻嗪类利尿剂的复方
C07C,β-受体阻断药和其它利尿剂的复方
C07D,β-受体阻断药、噻嗪类利尿剂和其它利尿剂的复方
C07E,β-受体阻断药和血管舒张药
C07F,β阻断剂，与其他药物的复方
C08C,主要对血管产生影响的选择性钙通道阻滞剂
C08D,直接对心脏产生影响的选择性钙通道阻滞剂
C08E,非选择性钙通道阻滞剂
C08G,钙通道阻滞剂和利尿剂
C09A,血管紧张素转化酶抑制药，单方
C09B,血管紧张素转化酶抑制药，复方
C09C,血管紧张素II拮抗药，单方
C09D,血管紧张素II拮抗药，复方
C09X,作用于肾素-血管紧张素系统的其它药物
C10A,血脂调节剂，单方
C10B,血脂调节剂，复方
D01A,局部用抗真菌药
D01B,系统用抗真菌药
D02A,润肤药和护肤药
D02B,紫外线防护药
D03A,结瘢药
D03B,酶类
D04A,止痒药，含抗组胺药、麻醉药等
D05A,局部用治疗牛皮癣药
D05B,系统用治疗牛皮癣药
D06A,局部用抗生素
D06B,局部用化疗药
D06C,抗生素和化疗药，复方
D07A,皮质类固醇，单方
D07B,皮质类固醇，与灭菌药的复方
D07C,皮质类固醇，与抗生素的复方
D07X,皮质类固醇，与其它药物的复方
D08A,消毒灭菌药
D09A,医用敷料
D10A,局部用抗痤疮药
D10B,系统用抗痤疮药
D11A,其它治疗皮肤病药物
G01A,抗感染药和灭菌药，与皮质类固醇的复方除外
G01B,抗感染药/灭菌药与皮质类固醇的复方
G02A,催产素类
G02B,局部用避孕药、避孕用具
G02C,其它妇科用药
G03A,系统用激素类避孕药
G03B,雄激素类
G03C,雌激素类
G03D,孕激素类
G03E,雄激素与雌性激素的复方
G03F,孕激素和雌激素的复方
G03G,促性腺激素和其它促排卵药物
G03H,抗雄激素类药
G03X,其它性激素类和生殖系统调节药
G04B,泌尿系统药物
G04C,前列腺肥大治疗药
H01A,垂体前叶激素与其类似药物
H01B,垂体后叶激素
H01C,下丘脑激素类
H02A,系统用皮质类固醇，单方
H02B,系统用皮质类固醇，复方
H02C,抗肾上腺素类
H03A,甲状腺治疗药
H03B,抗甲状腺药
H03C,碘疗法用药
H04A,糖原分解激素类
H05A,甲状旁腺激素与其类似药物
H05B,抗甲状旁腺药
J01A,四环素类
J01B,酰胺醇类
J01C,β-内酰胺抗菌药，青霉素类
J01D,其它β-内酰胺类抗菌药
J01E,磺胺类和甲氧苄啶
J01F,大环内酯类、林可酰胺类和链霉杀阳菌素类
J01G,氨基糖苷类抗菌药
J01M,喹诺酮类抗菌药
J01R,抗菌药复方
J01X,其它抗菌药
J02A,系统用抗真菌药
J04A,顿挫性结核治疗用药
J04B,麻风病治疗用药
J05A,直接作用的抗病毒药
J06A,免疫血清类
J06B,免疫球蛋白类
J07A,细菌疫苗类
J07B,病毒疫苗
J07C,细菌疫苗和病毒疫苗的复方
J07X,其它疫苗
L01A,烷基化剂
L01B,代谢拮抗药
L01C,植物生物碱和其它天然药物
L01D,细胞毒素类抗生素与其相关药物
L01E,蛋白激酶抑制剂
L01X,其它抗肿瘤药物
L02A,激素与其相关药物
L02B,激素拮抗药与其相关药物
L03A,免疫增强剂
L04A,免疫抑制剂
M01A,非甾体抗炎药和抗风湿药
M01B,抗炎药/抗风湿药复方
M01C,抗风湿症专用药
M02A,关节和肌肉疼痛局部用药
M03A,外周作用的肌肉松弛药
M03B,中心作用的肌肉松弛药
M03C,起直接作用的肌肉松弛药
M04A,抗痛风药
M05B,影响骨结构与其矿物质化的药物
M09A,其它治疗肌肉-骨骼系统疾病的药物
N01A,全身麻醉药
N01B,局部麻醉药
N02A,阿片碱类
N02B,其它解热镇痛药
N02C,抗偏头痛药
N03A,抗癫痫药
N04A,抗胆碱能药
N04B,多巴胺能类药
N04C,其他抗帕金森病药物
N05A,抗精神病药
N05B,抗焦虑药
N05C,催眠镇静药
N06A,抗抑郁药
N06B,精神兴奋药，用于治疗注意力缺陷多动症药和益智药
N06C,精神安定药和精神兴奋药的复方
N06D,抗痴呆药
N07A,拟副交感神经药物
N07B,用于病态成瘾的药物
N07C,抗眩晕药
N07X,其它神经系统用药
P01A,抗阿米巴病和其它原虫病用药
P01B,抗疟药
P01C,抗利什曼病和锥虫病药物
P02B,抗吸虫药
P02C,抗线虫药
P02D,抗绦虫药
P03A,抗体外寄生虫药（含杀疥螨药）
P03B,杀虫药和驱虫药
R01A,减充血药和其它鼻腔局部用药
R01B,系统用鼻腔减充血药
R02A,咽喉用药
R03A,肾上腺素能药，吸入剂
R03B,其它阻塞性气管病药，吸入剂
R03C,系统用肾上腺素能药
R03D,其它阻塞性气管病系统用药
R05C,祛痰药，与止咳药的复方除外
R05D,止咳药，与祛痰药的复方除外
R05F,止咳药和祛痰药的复方
R05X,其它感冒用药
R06A,系统用抗组胺药
R07A,其它呼吸系统用药
S01A,抗感染药
S01B,抗炎药
S01C,抗炎药和抗感染药复方
S01E,抗青光眼药和缩瞳药
S01F,散瞳药和睫状肌麻痹药
S01G,减充血药和抗变态反应药
S01H,局部麻醉药
S01J,诊断用药
S01K,手术辅料
S01L,眼部血管病变治疗药
S01X,其它眼科用药
S02A,抗感染药
S02B,皮质类固醇
S02C,皮质类固醇与抗感染药的复方
S02D,其它耳科用药
S03A,抗感染药
S03B,皮质类固醇
S03C,皮质类固醇与抗感染药的复方
S03D,其它眼和耳科药物
V01A,过敏原
V03A,其它各种治疗用药品
V04B,尿检测
V04C,其它诊断用药
V06A,治疗肥胖症的食谱
V06B,蛋白质补充
V06C,婴儿营养配方
V06D,其它营养
V07A,其它所有的非治疗用品
V08A,X射线造影剂，碘化剂
V08B,非碘化物的X射线造影剂
V08C,磁共振成像造影剂
V08D,超声造影剂
V09A,中枢神经系统
V09B,骨骼
V09C,肾脏系统
V09D,肝脏和网状内皮系统
V09E,呼吸系统用药
V09F,甲状腺
V09G,心血管系统用药
V09H,炎症和感染检测
V09I,肿瘤检测
V09X,其它诊断用放射性药物
V10A,抗炎药
V10B,缓解疼痛(骨探查剂)
V10X,其它治疗用放射性药物
